{
  "seq_0": {
    "sequence": "MVLSEGEWQLVLHVWAK",
    "length": 17,
    "PALM_NNK_fold1_residue_scores": [
      0.117451973259449,
      0.17771513760089874,
      0.14567852020263672,
      0.14534099400043488,
      0.1783309131860733,
      0.14482459425926208,
      0.13979527354240417,
      0.37127190828323364,
      0.07653465867042542,
      0.41268596053123474,
      0.14175862073898315,
      0.31034398078918457,
      0.18893690407276154,
      0.264212429523468,
      0.2063923180103302,
      0.23931974172592163,
      0.19821269810199738
    ],
    "PALM_NNK_fold2_residue_scores": [
      0.16350914537906647,
      0.18539324402809143,
      0.24054007232189178,
      0.2661570608615875,
      0.17027904093265533,
      0.2033703327178955,
      0.16442833840847015,
      0.22388476133346558,
      0.12231138348579407,
      0.37586209177970886,
      0.11673998832702637,
      0.2094614952802658,
      0.21201103925704956,
      0.24314743280410767,
      0.16177576780319214,
      0.20553772151470184,
      0.22345630824565887
    ],
    "PALM_NNK_fold3_residue_scores": [
      0.189092218875885,
      0.20962129533290863,
      0.18747222423553467,
      0.20022940635681152,
      0.26628080010414124,
      0.16608141362667084,
      0.18687079846858978,
      0.27499711513519287,
      0.14099876582622528,
      0.2527374029159546,
      0.16080385446548462,
      0.28814539313316345,
      0.24781110882759094,
      0.34945353865623474,
      0.21953187882900238,
      0.21837562322616577,
      0.15667879581451416
    ],
    "PALM_NNK_fold4_residue_scores": [
      0.12457049638032913,
      0.18544377386569977,
      0.2715934216976166,
      0.23965482413768768,
      0.26879769563674927,
      0.21844181418418884,
      0.2099338322877884,
      0.20739786326885223,
      0.18954122066497803,
      0.19805315136909485,
      0.21516495943069458,
      0.20286132395267487,
      0.23071704804897308,
      0.276662141084671,
      0.23406769335269928,
      0.21754372119903564,
      0.2155710607767105
    ],
    "PALM_NNK_fold5_residue_scores": [
      0.13303612172603607,
      0.15250073373317719,
      0.24023498594760895,
      0.17533555626869202,
      0.2206982523202896,
      0.1598866581916809,
      0.2436107099056244,
      0.14675095677375793,
      0.23371565341949463,
      0.14096607267856598,
      0.26378223299980164,
      0.19666989147663116,
      0.2799317240715027,
      0.13788209855556488,
      0.36612674593925476,
      0.17073020339012146,
      0.16542604565620422
    ],
    "PALM_NNK_ensemble_residue_scores": [
      0.14553199112415313,
      0.18213483691215515,
      0.21710384488105774,
      0.20534356832504272,
      0.22087734043598176,
      0.17852096259593964,
      0.18892779052257538,
      0.24486052095890046,
      0.1526203364133835,
      0.2760609358549118,
      0.17964993119239808,
      0.24149641692638396,
      0.23188156485557557,
      0.25427152812480924,
      0.23757888078689576,
      0.21030140221118926,
      0.19186898171901703
    ],
    "summary": {
      "mean_residue_score": 0.20935475493178649,
      "max_residue_score": 0.2760609358549118,
      "min_residue_score": 0.14553199112415313,
      "high_risk_positions": []
    }
  },
  "seq_1": {
    "sequence": "KPKATEEQLKTVMENFV",
    "length": 17,
    "PALM_NNK_fold1_residue_scores": [
      0.05934882536530495,
      0.09017253667116165,
      0.03335295617580414,
      0.06504443287849426,
      0.03656623139977455,
      0.045718010514974594,
      0.04572508856654167,
      0.011603637598454952,
      0.07502075284719467,
      0.03249964118003845,
      0.05781198665499687,
      0.04889649152755737,
      0.12890945374965668,
      0.11161413788795471,
      0.10499884188175201,
      0.2668452262878418,
      0.3148835003376007
    ],
    "PALM_NNK_fold2_residue_scores": [
      0.12280121445655823,
      0.18726606667041779,
      0.0733884871006012,
      0.06553080677986145,
      0.062210433185100555,
      0.06490268558263779,
      0.04380743205547333,
      0.025291169062256813,
      0.075135238468647,
      0.06372929364442825,
      0.035217396914958954,
      0.04786582291126251,
      0.13561125099658966,
      0.08907485753297806,
      0.1502729207277298,
      0.20342309772968292,
      0.20522379875183105
    ],
    "PALM_NNK_fold3_residue_scores": [
      0.14066439867019653,
      0.19799673557281494,
      0.04277441278100014,
      0.034980904310941696,
      0.02219376154243946,
      0.01949194446206093,
      0.028239520266652107,
      0.04137532785534859,
      0.04258151352405548,
      0.06328204274177551,
      0.058468710631132126,
      0.03233317285776138,
      0.11771365255117416,
      0.22861506044864655,
      0.2170259803533554,
      0.11788391321897507,
      0.13242867588996887
    ],
    "PALM_NNK_fold4_residue_scores": [
      0.054727084934711456,
      0.08267414569854736,
      0.07549174875020981,
      0.041235409677028656,
      0.07663809508085251,
      0.07468066364526749,
      0.056795861572027206,
      0.03660440072417259,
      0.10128716379404068,
      0.08826702833175659,
      0.11445506662130356,
      0.22246825695037842,
      0.1562345325946808,
      0.2112516313791275,
      0.15997791290283203,
      0.22491273283958435,
      0.2117360532283783
    ],
    "PALM_NNK_fold5_residue_scores": [
      0.07569018751382828,
      0.09368320554494858,
      0.14240828156471252,
      0.059106286615133286,
      0.039096683263778687,
      0.04782283306121826,
      0.035505570471286774,
      0.026429813355207443,
      0.04371988773345947,
      0.07571972906589508,
      0.03719004616141319,
      0.08276461064815521,
      0.05900081247091293,
      0.20015232264995575,
      0.12065309286117554,
      0.19673530757427216,
      0.15242381393909454
    ],
    "PALM_NNK_ensemble_residue_scores": [
      0.09064634218811989,
      0.13035853803157807,
      0.07348317727446556,
      0.05317956805229187,
      0.047341040894389154,
      0.05052322745323181,
      0.042014694586396215,
      0.028260869719088078,
      0.06754891127347946,
      0.06469954699277877,
      0.06062864139676094,
      0.08686567097902298,
      0.11949394047260284,
      0.16814160197973252,
      0.15058574974536895,
      0.20196005553007126,
      0.2033391684293747
    ],
    "summary": {
      "mean_residue_score": 0.09641592617639724,
      "max_residue_score": 0.2033391684293747,
      "min_residue_score": 0.028260869719088078,
      "high_risk_positions": []
    }
  }
}